ip,first_seen,last_seen,scan_count,country,scanner_types
78.128.112.74,2026-02-10 11:47:15,2026-02-13 06:45:47,324,BG,"PaloAlto, Rapid7, adb-abuse, bots, bruteforce, cve-2023-1389-2, cve-2025-55182, dicom, email, onyphe, rdp, ssh, web, yarn"
16.58.56.214,2026-02-12 15:00:53,2026-02-12 17:45:42,41,US,"PaloAlto, cve-2025-55182, ssh"
185.224.128.16,2026-02-10 01:00:26,2026-02-11 04:46:03,35,NL,"PaloAlto, adb-abuse, bots, ssh"
79.124.40.174,2026-02-10 00:00:23,2026-02-11 17:46:13,32,BG,"Rapid7, bots, cve-2025-55182, ssh, web"
66.240.236.116,2026-02-11 00:45:36,2026-02-11 00:46:47,27,US,"PaloAlto, bruteforce, cve-2020-10987, cve-2025-55182, email, ssh"
130.12.180.34,2026-02-10 09:46:32,2026-02-11 02:45:27,26,GB,"bots, bruteforce, ssh, web"
34.158.168.101,2026-02-10 03:45:06,2026-02-13 06:45:05,24,NL,"PaloAlto, adb-abuse, bots, cve-2025-55182, onyphe, ssh, web"
45.135.193.11,2026-02-10 00:45:26,2026-02-12 23:47:37,23,DE,"PaloAlto, bots, cve-2020-10987, ssh, web"
45.148.10.124,2026-02-13 00:45:39,2026-02-13 07:00:13,23,NL,"bruteforce, ssh, web"
204.76.203.69,2026-02-10 02:45:17,2026-02-13 05:45:17,22,NL,"adb-abuse, bots, cve-2020-10987, ssh"
34.122.147.229,2026-02-10 13:00:18,2026-02-13 06:46:06,22,US,"PaloAlto, bots, bruteforce, ssh, web"
174.138.7.104,2026-02-13 02:45:19,2026-02-13 02:46:01,16,NL,"bots, bruteforce, rdp, ssh, web"
45.82.78.102,2026-02-12 13:45:33,2026-02-13 03:46:36,16,SG,ssh
57.159.30.22,2026-02-10 03:45:04,2026-02-12 21:46:00,15,IN,"bots, cve-2025-55182, ssh"
102.22.20.125,2026-02-10 09:45:07,2026-02-12 17:46:29,13,GH,"adb-abuse, bots, email"
85.217.140.10,2026-02-11 11:45:04,2026-02-11 14:45:13,11,FR,"bruteforce, web"
103.120.189.68,2026-02-10 01:45:54,2026-02-12 19:00:18,11,IN,"cve-2025-55182, ssh"
176.65.139.30,2026-02-11 14:45:08,2026-02-13 04:46:46,11,DE,"PaloAlto, adb-abuse, bots, ssh, yarn"
176.65.132.254,2026-02-10 18:45:09,2026-02-12 07:47:06,10,DE,"bruteforce, ssh, web"
103.20.91.68,2026-02-10 02:00:16,2026-02-12 22:45:34,10,ID,"PaloAlto, cve-2025-55182, ssh"
176.65.139.8,2026-02-10 01:00:23,2026-02-13 06:45:57,10,DE,"PaloAlto, bots, bruteforce, ssh, web, yarn"
105.21.64.130,2026-02-10 14:45:51,2026-02-13 03:00:19,9,UG,"cve-2025-55182, ssh"
23.29.156.136,2026-02-11 08:46:18,2026-02-12 21:45:46,8,BG,"cve-2025-55182, ssh"
65.49.1.66,2026-02-10 09:46:06,2026-02-12 10:46:19,8,US,ssh
64.62.156.10,2026-02-12 07:45:15,2026-02-13 05:45:03,8,US,"PaloAlto, ssh"
103.233.25.113,2026-02-11 21:45:04,2026-02-12 06:46:08,8,IN,"bots, ssh, web"
64.82.206.194,2026-02-10 12:01:09,2026-02-12 23:00:08,7,US,"PaloAlto, cve-2025-55182"
86.54.31.32,2026-02-11 00:45:11,2026-02-13 03:45:09,7,US,"PaloAlto, ssh"
185.247.137.71,2026-02-10 05:45:34,2026-02-12 20:46:40,6,GB,"PaloAlto, ssh, web"
20.193.146.159,2026-02-12 02:45:25,2026-02-12 20:45:06,6,IN,"cve-2025-55182, ssh"
204.76.203.210,2026-02-12 00:45:20,2026-02-13 04:00:13,6,NL,"bots, bruteforce, rdp, ssh, web"
8.215.41.147,2026-02-10 11:46:05,2026-02-12 09:46:10,6,ID,"PaloAlto, email, ssh"
164.92.212.167,2026-02-12 08:45:04,2026-02-12 09:00:41,6,NL,ssh
20.46.235.164,2026-02-10 04:45:09,2026-02-12 16:45:53,6,US,"bots, email"
5.135.94.29,2026-02-10 16:46:08,2026-02-13 04:00:08,6,BR,"PaloAlto, email, ssh, voip"
195.178.110.34,2026-02-11 14:45:36,2026-02-11 14:45:58,5,NL,"ssh, web"
82.165.66.87,2026-02-10 07:45:16,2026-02-12 04:00:09,5,DE,"bruteforce, cve-2025-55182, ssh"
64.62.156.80,2026-02-10 01:00:10,2026-02-10 08:45:11,5,US,email
64.62.197.212,2026-02-10 05:45:16,2026-02-12 05:45:04,5,US,ssh
66.132.153.122,2026-02-11 02:00:38,2026-02-11 17:46:27,4,BG,"adb-abuse, ssh"
18.218.118.203,2026-02-13 07:00:18,2026-02-13 07:00:30,4,US,"web, bruteforce"
45.82.78.107,2026-02-13 04:45:45,2026-02-13 07:00:08,4,SG,ssh
64.188.93.27,2026-02-11 12:45:06,2026-02-11 13:00:19,4,FI,"bruteforce, ssh, web"
205.210.31.106,2026-02-10 01:45:16,2026-02-12 01:45:14,4,US,PaloAlto
134.122.88.203,2026-02-10 04:45:51,2026-02-10 21:01:06,4,DE,"cve-2023-26801, email"
195.178.110.199,2026-02-10 00:00:21,2026-02-12 16:46:05,4,NL,"bots, cve-2025-55182, ssh, web"
207.90.244.28,2026-02-12 12:45:28,2026-02-12 12:45:40,4,US,ssh
85.217.140.1,2026-02-10 03:00:04,2026-02-11 12:00:36,4,FR,"bruteforce, web"
45.33.80.243,2026-02-13 02:00:21,2026-02-13 02:00:37,4,US,"email, ssh"
45.82.78.106,2026-02-12 19:00:03,2026-02-13 05:00:24,4,SG,ssh
194.164.107.6,2026-02-10 23:45:06,2026-02-13 01:00:22,4,SG,ssh
47.254.239.55,2026-02-10 05:00:17,2026-02-12 06:45:04,4,MY,ssh
221.159.119.6,2026-02-10 17:45:19,2026-02-12 16:02:01,4,KR,"PaloAlto, cve-2023-1389-2"
167.99.142.36,2026-02-10 03:45:20,2026-02-12 01:45:23,4,DE,"PaloAlto, ssh"
199.45.155.78,2026-02-11 11:45:21,2026-02-11 12:00:24,4,HK,ssh
64.62.197.62,2026-02-10 01:45:47,2026-02-12 09:45:22,4,US,ssh
87.236.176.34,2026-02-10 09:45:47,2026-02-13 04:45:16,4,GB,ssh
185.247.137.30,2026-02-10 21:00:59,2026-02-13 04:45:39,4,GB,ssh
71.6.199.87,2026-02-10 21:45:06,2026-02-10 21:45:12,4,US,ssh
195.184.76.108,2026-02-11 13:45:46,2026-02-12 16:01:29,4,US,"onyphe, ssh"
64.62.197.109,2026-02-10 02:45:31,2026-02-11 03:45:49,4,US,ssh
87.236.176.186,2026-02-12 15:45:24,2026-02-12 18:45:41,3,GB,ssh
147.185.132.123,2026-02-11 08:00:10,2026-02-12 21:46:16,3,US,"PaloAlto, cve-2025-55182"
65.49.1.94,2026-02-10 10:00:05,2026-02-11 07:45:22,3,US,ssh
205.169.39.58,2026-02-11 11:00:04,2026-02-11 11:46:04,3,US,"bruteforce, ssh, web"
195.184.76.41,2026-02-13 03:45:21,2026-02-13 04:00:34,3,US,onyphe
205.169.39.22,2026-02-11 06:45:13,2026-02-12 10:46:03,3,US,"bots, bruteforce, web"
64.62.197.137,2026-02-10 03:45:38,2026-02-12 02:45:18,3,US,"bots, email, ssh"
134.209.235.25,2026-02-10 06:45:11,2026-02-11 06:45:52,3,US,"PaloAlto, bots, email, ssh"
20.65.194.42,2026-02-10 18:00:27,2026-02-10 18:45:32,3,US,ssh
195.184.76.248,2026-02-13 03:00:08,2026-02-13 04:00:10,3,US,onyphe
45.82.78.100,2026-02-12 18:00:07,2026-02-12 18:45:06,3,SG,ssh
147.185.132.252,2026-02-10 22:45:09,2026-02-12 21:46:14,3,US,"PaloAlto, bots, ssh, web"
87.236.176.167,2026-02-10 23:45:12,2026-02-11 19:45:39,3,GB,"bruteforce, scada, ssh"
185.247.137.201,2026-02-12 15:45:31,2026-02-12 18:45:39,3,GB,ssh
205.210.31.227,2026-02-10 01:45:34,2026-02-13 01:00:16,3,TW,"PaloAlto, ssh"
47.90.209.221,2026-02-10 03:45:16,2026-02-10 14:45:06,3,US,"PaloAlto, ssh"
64.82.206.195,2026-02-12 02:45:28,2026-02-12 10:45:17,3,US,cve-2025-55182
86.54.31.42,2026-02-10 02:00:07,2026-02-11 12:00:08,3,NL,"email, ssh"
165.22.72.144,2026-02-10 04:45:24,2026-02-10 04:45:32,3,DE,ssh
154.197.56.163,2026-02-11 03:00:22,2026-02-13 02:45:17,3,US,"adb-abuse, bots, email, ssh, yarn"
185.177.239.3,2026-02-12 09:00:34,2026-02-13 04:45:51,3,SE,ssh
195.184.76.227,2026-02-10 18:00:32,2026-02-11 10:00:07,3,BG,"onyphe, ssh"
185.247.137.61,2026-02-11 14:00:12,2026-02-11 14:46:28,3,GB,ssh
35.203.210.211,2026-02-11 16:45:31,2026-02-13 00:47:10,3,GB,"PaloAlto, ssh"
181.176.14.90,2026-02-10 22:45:19,2026-02-11 13:00:07,3,PE,ssh
87.236.176.196,2026-02-10 19:00:52,2026-02-12 07:00:14,3,GB,ssh
192.142.26.28,2026-02-11 17:45:17,2026-02-13 05:45:10,3,NL,"bruteforce, ssh, web"
91.196.152.128,2026-02-13 03:45:07,2026-02-13 03:46:29,3,FR,"PaloAlto, onyphe"
20.64.105.88,2026-02-10 12:45:03,2026-02-11 08:46:30,3,US,ssh
65.49.1.122,2026-02-12 07:45:18,2026-02-12 08:00:20,3,US,ssh
206.81.29.46,2026-02-10 12:45:47,2026-02-13 03:45:18,3,DE,ssh
128.241.229.30,2026-02-12 10:00:18,2026-02-13 03:45:53,3,US,"bruteforce, ssh, web"
147.185.132.48,2026-02-10 03:00:11,2026-02-12 02:45:13,3,US,"PaloAlto, ssh"
198.235.24.242,2026-02-10 06:00:03,2026-02-12 22:00:13,3,US,PaloAlto
205.210.31.41,2026-02-11 09:00:21,2026-02-11 10:45:44,3,US,PaloAlto
158.94.211.102,2026-02-13 04:45:04,2026-02-13 05:46:18,3,NL,ssh
62.171.166.40,2026-02-10 03:00:21,2026-02-10 20:45:11,3,US,"PaloAlto, ssh, voip"
64.62.197.122,2026-02-11 03:45:35,2026-02-11 09:45:05,3,US,ssh
185.247.137.33,2026-02-11 19:46:40,2026-02-12 23:45:49,2,GB,ssh
147.185.132.66,2026-02-11 10:46:08,2026-02-12 06:45:42,2,US,"onyphe, ssh"
195.184.76.228,2026-02-10 00:00:12,2026-02-10 00:00:17,2,US,onyphe
91.196.152.250,2026-02-11 19:00:49,2026-02-11 19:00:51,2,FR,onyphe
205.210.31.38,2026-02-10 06:45:05,2026-02-11 20:00:17,2,US,PaloAlto
198.235.24.233,2026-02-10 20:00:33,2026-02-10 20:45:31,2,BG,"bots, ssh"
185.247.137.143,2026-02-10 19:01:41,2026-02-11 21:45:23,2,GB,ssh
198.235.24.48,2026-02-12 04:00:10,2026-02-12 05:00:07,2,TW,PaloAlto
87.236.176.81,2026-02-11 19:46:18,2026-02-12 16:02:05,2,GB,ssh
5.63.151.117,2026-02-10 00:45:22,2026-02-10 00:45:25,2,GB,Rapid7
185.247.137.190,2026-02-10 19:00:46,2026-02-12 07:46:59,2,GB,ssh
199.45.154.112,2026-02-10 09:00:12,2026-02-10 09:00:14,2,US,
195.178.110.108,2026-02-10 12:45:42,2026-02-10 23:45:18,2,AD,bots
91.230.168.101,2026-02-11 21:00:52,2026-02-11 21:00:57,2,US,onyphe
87.236.176.207,2026-02-10 16:45:39,2026-02-12 07:46:46,2,GB,ssh
64.62.156.217,2026-02-12 06:45:49,2026-02-12 06:45:52,2,US,ssh
195.184.76.241,2026-02-10 18:45:41,2026-02-10 18:45:44,2,US,"bots, onyphe"
206.168.34.63,2026-02-11 11:00:24,2026-02-11 11:47:01,2,US,email
87.236.176.21,2026-02-10 09:45:34,2026-02-12 07:46:15,2,GB,ssh
139.5.11.151,2026-02-11 09:00:15,2026-02-11 09:00:18,2,IN,"bruteforce, web"
45.83.31.168,2026-02-11 22:00:03,2026-02-11 22:00:04,2,US,"bruteforce, web"
104.152.52.121,2026-02-11 16:45:08,2026-02-11 17:00:08,2,US,ssh
185.247.137.38,2026-02-11 14:00:25,2026-02-11 19:47:09,2,GB,ssh
109.105.209.19,2026-02-10 00:45:09,2026-02-10 11:50:47,2,US,ssh
198.235.24.120,2026-02-10 15:45:53,2026-02-10 19:45:37,2,US,"PaloAlto, email, ssh"
109.123.117.247,2026-02-11 15:46:14,2026-02-11 15:46:18,2,GB,Rapid7
205.169.39.6,2026-02-10 22:45:23,2026-02-10 22:45:25,2,US,"bruteforce, web"
85.217.140.9,2026-02-11 12:00:32,2026-02-11 12:00:34,2,FR,"bruteforce, web"
91.230.168.109,2026-02-11 10:00:14,2026-02-11 10:00:16,2,US,onyphe
87.236.176.24,2026-02-12 07:46:24,2026-02-12 23:45:58,2,GB,ssh
185.247.137.122,2026-02-10 19:01:17,2026-02-11 19:00:27,2,GB,ssh
87.236.176.173,2026-02-10 10:00:20,2026-02-12 23:45:30,2,GB,"bruteforce, dicom, ssh"
185.247.137.120,2026-02-10 19:01:43,2026-02-10 19:01:45,2,GB,ssh
147.185.132.55,2026-02-10 14:45:04,2026-02-11 06:45:38,2,US,"PaloAlto, ssh"
147.185.132.81,2026-02-10 02:00:04,2026-02-10 02:45:34,2,US,PaloAlto
195.184.76.211,2026-02-11 06:00:17,2026-02-11 06:00:19,2,US,onyphe
205.210.31.98,2026-02-11 03:45:09,2026-02-11 04:00:13,2,US,PaloAlto
147.185.132.243,2026-02-11 01:00:06,2026-02-11 01:45:48,2,US,"PaloAlto, ssh"
87.236.176.197,2026-02-12 18:45:49,2026-02-12 18:45:52,2,GB,ssh
109.105.210.72,2026-02-12 11:45:13,2026-02-12 11:45:15,2,US,"bots, ssh"
185.247.137.192,2026-02-12 07:47:14,2026-02-12 07:47:16,2,GB,ssh
148.153.56.174,2026-02-11 22:00:36,2026-02-11 22:00:38,2,US,"PaloAlto, ssh"
198.235.24.248,2026-02-12 00:45:42,2026-02-12 01:45:19,2,NL,"PaloAlto, bots, web"
85.217.140.16,2026-02-10 04:00:07,2026-02-10 04:00:11,2,FR,
71.6.233.181,2026-02-11 15:00:49,2026-02-11 15:00:53,2,US,Rapid7
87.236.176.166,2026-02-11 19:45:22,2026-02-12 23:45:46,2,GB,ssh
40.124.185.240,2026-02-10 04:45:26,2026-02-10 04:45:37,2,US,ssh
20.29.22.156,2026-02-11 19:00:37,2026-02-11 19:00:39,2,US,ssh
185.247.137.46,2026-02-11 19:47:41,2026-02-12 20:46:09,2,GB,ssh
185.16.38.154,2026-02-10 11:52:30,2026-02-10 11:52:48,2,PL,
185.247.137.19,2026-02-10 09:45:30,2026-02-10 21:01:17,2,GB,ssh
87.236.176.29,2026-02-12 07:46:39,2026-02-12 23:46:00,2,GB,ssh
87.236.176.85,2026-02-11 19:46:00,2026-02-12 16:01:46,2,GB,ssh
198.235.24.198,2026-02-11 02:45:07,2026-02-11 02:45:12,2,BE,PaloAlto
198.235.24.99,2026-02-10 20:45:07,2026-02-10 21:00:58,2,TW,PaloAlto
91.230.168.103,2026-02-11 08:45:40,2026-02-11 08:45:42,2,US,onyphe
185.247.137.119,2026-02-10 19:01:19,2026-02-11 19:48:20,2,GB,ssh
147.185.132.85,2026-02-10 09:46:26,2026-02-12 01:46:07,2,US,PaloAlto
91.230.168.228,2026-02-13 06:00:13,2026-02-13 06:00:16,2,US,onyphe
147.185.132.31,2026-02-11 19:45:24,2026-02-12 02:45:23,2,BR,"PaloAlto, ssh"
147.185.132.46,2026-02-10 03:45:55,2026-02-11 01:00:09,2,FR,"PaloAlto, voip"
87.236.176.39,2026-02-10 05:45:28,2026-02-12 20:46:31,2,GB,ssh
135.119.112.115,2026-02-12 12:45:45,2026-02-12 12:45:48,2,BG,ssh
205.210.31.107,2026-02-10 05:45:24,2026-02-12 22:45:03,2,BE,PaloAlto
87.236.176.162,2026-02-11 19:45:29,2026-02-12 23:46:02,2,GB,ssh
198.235.24.162,2026-02-11 02:45:38,2026-02-12 23:47:34,2,TW,"PaloAlto, ssh"
91.230.168.110,2026-02-11 06:00:09,2026-02-11 06:00:11,2,US,onyphe
91.196.152.7,2026-02-11 04:45:07,2026-02-12 17:45:13,2,FR,onyphe
185.247.137.52,2026-02-11 19:47:01,2026-02-12 20:45:58,2,GB,ssh
87.236.176.124,2026-02-10 19:01:06,2026-02-11 19:48:04,2,GB,ssh
91.230.168.224,2026-02-10 01:00:06,2026-02-10 01:00:07,2,US,onyphe
185.247.137.157,2026-02-10 10:00:24,2026-02-12 18:45:12,2,GB,ssh
35.203.210.216,2026-02-11 05:45:41,2026-02-12 05:45:09,2,GB,PaloAlto
20.59.121.110,2026-02-11 08:45:44,2026-02-12 04:45:06,2,BG,"bots, bruteforce, ssh, web"
185.247.137.187,2026-02-12 18:45:30,2026-02-12 20:46:18,2,GB,ssh
162.216.149.9,2026-02-10 04:00:05,2026-02-12 02:45:16,2,US,"email, ssh"
195.184.76.147,2026-02-13 00:46:29,2026-02-13 06:00:07,2,US,onyphe
185.247.137.32,2026-02-10 09:45:50,2026-02-12 23:45:33,2,GB,ssh
88.202.190.151,2026-02-10 01:45:10,2026-02-10 01:45:13,2,GB,Rapid7
85.217.140.23,2026-02-11 15:46:32,2026-02-11 15:46:34,2,FR,"bruteforce, ssh, web"
87.236.176.163,2026-02-11 19:45:32,2026-02-12 23:45:56,2,GB,ssh
198.235.24.81,2026-02-10 20:45:09,2026-02-11 02:45:32,2,TW,PaloAlto
198.235.24.245,2026-02-12 09:00:39,2026-02-12 23:47:32,2,BG,"PaloAlto, ssh"
195.184.76.255,2026-02-13 05:00:19,2026-02-13 05:00:21,2,US,onyphe
147.185.132.156,2026-02-11 10:46:12,2026-02-12 01:00:17,2,US,PaloAlto
45.79.128.205,2026-02-13 04:00:26,2026-02-13 04:00:29,2,US,ssh
64.62.156.22,2026-02-12 09:45:14,2026-02-13 07:00:15,2,US,ssh
165.232.94.17,2026-02-12 06:45:31,2026-02-12 06:45:32,2,NL,"bruteforce, ssh, web"
147.185.132.100,2026-02-11 08:00:06,2026-02-11 09:00:03,2,US,PaloAlto
87.236.176.198,2026-02-10 19:00:07,2026-02-12 07:46:43,2,GB,ssh
195.184.76.2,2026-02-10 04:45:41,2026-02-10 04:45:43,2,US,"PaloAlto, onyphe"
199.45.154.117,2026-02-10 14:45:59,2026-02-10 14:46:03,2,HK,ssh
147.185.132.120,2026-02-11 07:45:34,2026-02-11 07:45:37,2,BG,ssh
87.236.176.96,2026-02-11 19:46:15,2026-02-12 16:01:32,2,GB,ssh
205.210.31.58,2026-02-10 17:45:12,2026-02-10 22:45:30,2,US,PaloAlto
199.45.154.128,2026-02-12 17:46:32,2026-02-12 17:46:35,2,HK,ssh
87.236.176.177,2026-02-10 16:45:46,2026-02-10 16:45:48,2,GB,"ssh, web"
206.168.34.203,2026-02-10 22:45:13,2026-02-11 17:00:36,2,US,ssh
104.248.195.123,2026-02-10 01:45:24,2026-02-10 01:45:26,2,NL,"Rapid7, ssh"
35.203.210.133,2026-02-12 03:45:03,2026-02-12 04:45:04,2,GB,PaloAlto
87.236.176.92,2026-02-11 19:46:33,2026-02-11 19:46:34,2,GB,"onyphe, ssh"
87.236.176.55,2026-02-11 21:45:40,2026-02-12 20:46:22,2,GB,ssh
198.235.24.80,2026-02-12 07:00:24,2026-02-12 07:46:56,2,TW,"PaloAlto, ssh"
130.12.181.143,2026-02-12 06:00:04,2026-02-12 06:46:10,2,DE,"PaloAlto, bots, bruteforce, web"
195.184.76.1,2026-02-12 16:45:35,2026-02-12 16:45:38,2,US,"bots, onyphe"
91.230.168.240,2026-02-10 01:45:57,2026-02-10 01:46:00,2,US,onyphe
135.119.89.93,2026-02-10 21:45:15,2026-02-10 21:45:18,2,US,ssh
185.247.137.31,2026-02-10 05:00:13,2026-02-10 05:00:15,2,GB,ssh
185.247.137.154,2026-02-10 05:00:04,2026-02-12 18:45:21,2,GB,ssh
205.210.31.220,2026-02-11 00:45:33,2026-02-11 07:45:39,2,BR,PaloAlto
176.65.148.74,2026-02-11 16:45:42,2026-02-12 21:46:09,2,BG,ssh
198.143.149.250,2026-02-10 00:45:18,2026-02-10 07:45:30,2,US,voip
35.203.210.36,2026-02-10 16:00:05,2026-02-10 16:45:52,2,GB,"PaloAlto, cve-2020-10987"
109.105.209.30,2026-02-11 03:00:19,2026-02-11 03:00:20,2,US,ssh
62.171.165.176,2026-02-10 16:00:13,2026-02-10 16:46:03,2,NL,"adb-abuse, cve-2020-10987, ssh"
205.210.31.215,2026-02-11 07:45:16,2026-02-12 04:45:17,2,BR,PaloAlto
35.203.210.77,2026-02-12 06:45:38,2026-02-12 07:45:43,2,GB,PaloAlto
185.247.137.16,2026-02-10 09:45:56,2026-02-10 09:45:59,2,GB,
87.236.176.240,2026-02-12 15:45:07,2026-02-12 16:02:18,2,GB,ssh
185.247.137.66,2026-02-11 19:46:45,2026-02-12 20:46:26,2,GB,ssh
198.235.24.58,2026-02-10 11:00:10,2026-02-13 05:46:08,2,US,PaloAlto
47.85.49.48,2026-02-10 02:00:28,2026-02-10 02:00:32,2,US,"bruteforce, ssh"
138.94.216.252,2026-02-11 16:45:34,2026-02-11 16:45:36,2,US,"apache2-cve-2021-41773, ssh"
185.247.137.202,2026-02-10 19:00:55,2026-02-12 07:46:52,2,GB,ssh
91.196.152.251,2026-02-11 19:47:51,2026-02-11 19:47:54,2,FR,"cve-2025-55182, onyphe"
34.230.71.135,2026-02-11 19:46:50,2026-02-11 19:46:52,2,US,ssh
87.236.176.174,2026-02-10 09:45:10,2026-02-11 19:45:37,2,GB,ssh
198.235.24.170,2026-02-10 18:45:34,2026-02-12 09:00:04,2,BE,PaloAlto
20.65.193.1,2026-02-11 10:45:07,2026-02-11 10:45:12,2,US,ssh
89.248.167.131,2026-02-12 17:00:08,2026-02-12 18:00:22,2,NL,"email, ssh"
66.132.153.127,2026-02-10 05:00:23,2026-02-10 12:00:26,2,US,
147.185.132.135,2026-02-10 15:45:55,2026-02-12 02:00:50,2,US,PaloAlto
176.65.148.203,2026-02-12 10:45:12,2026-02-13 03:45:14,2,NL,ssh
64.62.156.142,2026-02-12 03:45:52,2026-02-12 03:45:53,2,US,ssh
205.210.31.241,2026-02-10 07:00:07,2026-02-11 10:46:17,2,US,"email, ssh"
45.156.129.60,2026-02-12 18:00:15,2026-02-12 18:00:16,2,US,ssh
185.247.137.155,2026-02-11 19:45:48,2026-02-12 07:46:01,2,GB,ssh
87.236.176.53,2026-02-10 05:00:09,2026-02-10 05:00:11,2,GB,"bruteforce, dicom, ssh"
64.227.110.161,2026-02-12 03:45:23,2026-02-13 00:45:18,2,US,ssh
205.210.31.40,2026-02-10 04:45:48,2026-02-11 17:46:30,2,BE,PaloAlto
162.216.149.191,2026-02-11 03:00:11,2026-02-11 03:45:56,2,US,"PaloAlto, email"
91.196.152.6,2026-02-11 15:46:01,2026-02-11 15:46:03,2,FR,onyphe
47.253.183.81,2026-02-13 00:47:02,2026-02-13 00:47:04,2,BG,"bruteforce, ssh"
65.49.1.124,2026-02-12 07:45:05,2026-02-12 08:00:09,2,US,ssh
146.185.25.173,2026-02-11 15:46:37,2026-02-11 15:46:39,2,GB,"Rapid7, cve-2025-55182"
20.64.105.155,2026-02-10 04:45:20,2026-02-10 04:45:23,2,US,email
185.247.137.182,2026-02-10 16:45:44,2026-02-12 20:46:24,2,GB,ssh
205.210.31.73,2026-02-12 00:45:26,2026-02-12 10:00:30,2,US,PaloAlto
64.62.197.152,2026-02-10 01:45:43,2026-02-10 01:45:46,2,US,email
195.184.76.40,2026-02-13 04:45:12,2026-02-13 04:45:53,2,US,onyphe
91.230.168.225,2026-02-11 06:00:07,2026-02-13 00:46:52,2,US,onyphe
71.6.233.187,2026-02-11 15:46:57,2026-02-11 15:47:02,2,US,"Rapid7, bots"
87.236.176.116,2026-02-10 19:01:28,2026-02-11 19:47:57,2,GB,ssh
185.247.137.253,2026-02-13 00:45:46,2026-02-13 00:45:48,2,US,ssh
206.168.34.38,2026-02-10 05:45:11,2026-02-12 18:00:20,2,US,"email, ssh"
147.185.132.60,2026-02-12 08:45:52,2026-02-12 22:00:18,2,US,"PaloAlto, bruteforce, email, web"
185.247.137.139,2026-02-11 19:00:04,2026-02-11 19:48:16,2,GB,ssh
87.236.176.31,2026-02-10 09:45:23,2026-02-10 21:01:14,2,GB,ssh
5.63.151.118,2026-02-10 00:45:12,2026-02-10 00:45:15,2,GB,"PaloAlto, Rapid7"
87.236.176.33,2026-02-11 19:46:48,2026-02-13 04:45:25,2,GB,ssh
199.45.155.81,2026-02-11 10:46:14,2026-02-11 10:46:16,2,HK,ssh
87.236.176.52,2026-02-11 21:45:49,2026-02-11 21:45:51,2,GB,ssh
147.185.132.210,2026-02-10 11:51:30,2026-02-11 20:45:26,2,US,PaloAlto
47.236.150.68,2026-02-10 09:00:07,2026-02-10 09:00:09,2,SG,
91.230.168.23,2026-02-11 20:00:12,2026-02-11 20:00:15,2,US,onyphe
65.49.1.47,2026-02-10 04:45:46,2026-02-11 08:46:00,2,MY,"PaloAlto, ssh"
2.59.22.234,2026-02-10 07:45:14,2026-02-10 08:45:12,2,AT,
185.247.137.134,2026-02-11 19:48:13,2026-02-11 19:48:18,2,US,"PaloAlto, ssh"
185.247.137.136,2026-02-10 19:01:00,2026-02-11 19:48:02,2,GB,ssh
185.247.137.115,2026-02-11 19:00:19,2026-02-11 21:45:35,2,GB,ssh
88.202.190.158,2026-02-10 01:45:18,2026-02-10 01:45:22,2,GB,Rapid7
47.251.77.62,2026-02-12 07:00:17,2026-02-12 07:00:19,2,US,"bruteforce, ssh"
85.217.140.17,2026-02-11 17:00:38,2026-02-11 17:00:41,2,FR,"bruteforce, web"
147.185.132.84,2026-02-10 05:45:13,2026-02-11 19:45:55,2,US,PaloAlto
159.65.219.252,2026-02-12 03:45:38,2026-02-13 00:45:20,2,US,ssh
45.82.78.104,2026-02-12 22:45:41,2026-02-12 22:45:43,2,BG,ssh
87.236.176.120,2026-02-11 19:00:32,2026-02-11 19:00:34,2,GB,ssh
198.235.24.230,2026-02-10 04:45:39,2026-02-13 02:46:52,2,BE,"PaloAlto, email"
20.168.120.227,2026-02-10 12:45:51,2026-02-10 12:45:54,2,US,
185.247.137.25,2026-02-10 09:45:20,2026-02-11 19:47:06,2,GB,ssh
147.185.132.159,2026-02-10 06:45:08,2026-02-13 01:00:18,2,US,PaloAlto
205.210.31.207,2026-02-10 02:45:10,2026-02-12 02:00:53,2,NL,"PaloAlto, email, ssh"
159.223.209.157,2026-02-10 19:45:41,2026-02-10 19:45:44,2,NL,"bruteforce, ssh, web"
83.168.68.72,2026-02-12 11:00:14,2026-02-12 11:00:18,2,PL,"bruteforce, web"
162.243.208.127,2026-02-12 03:45:31,2026-02-13 00:45:16,2,US,ssh
103.148.195.198,2026-02-11 21:45:16,2026-02-11 21:45:18,2,ID,"bruteforce, cve-2025-55182, ssh, web"
147.185.132.166,2026-02-11 10:00:11,2026-02-11 10:46:24,2,US,PaloAlto
147.185.132.162,2026-02-10 03:45:31,2026-02-11 02:45:04,2,NL,"PaloAlto, bots, ssh"
185.91.69.217,2026-02-11 04:00:22,2026-02-11 21:45:59,2,GB,"bots, cve-2025-55182, ssh"
91.230.168.7,2026-02-12 19:00:19,2026-02-12 19:00:23,2,US,onyphe
20.186.232.151,2026-02-10 13:00:14,2026-02-10 13:00:16,2,US,
205.210.31.162,2026-02-10 18:45:23,2026-02-10 19:01:46,2,BR,PaloAlto
66.132.153.118,2026-02-11 10:00:09,2026-02-11 10:46:20,2,US,ssh
87.236.176.123,2026-02-10 19:01:08,2026-02-11 19:00:23,2,GB,ssh
198.235.24.44,2026-02-11 01:45:11,2026-02-12 03:00:36,2,US,PaloAlto
91.196.152.129,2026-02-11 18:00:18,2026-02-11 18:00:20,2,FR,onyphe
146.185.25.172,2026-02-11 15:46:48,2026-02-11 15:46:50,2,GB,"Rapid7, cve-2025-55182"
192.155.90.220,2026-02-10 02:00:22,2026-02-13 01:45:10,2,US,ssh
144.91.116.2,2026-02-11 22:00:32,2026-02-11 22:00:34,2,BG,ssh
40.124.175.234,2026-02-10 07:45:04,2026-02-11 11:46:58,2,US,ssh
128.199.103.139,2026-02-11 09:45:32,2026-02-11 21:45:21,2,BG,"bruteforce, ssh"
157.245.243.118,2026-02-12 03:45:26,2026-02-13 00:45:14,2,US,ssh
198.235.24.73,2026-02-10 07:45:33,2026-02-13 02:45:13,2,US,ssh
45.55.185.224,2026-02-12 03:45:21,2026-02-13 00:45:10,2,US,ssh
64.62.156.190,2026-02-13 03:45:36,2026-02-13 03:45:40,2,US,ssh
9.234.10.182,2026-02-10 18:45:11,2026-02-10 18:45:14,2,US,ssh
185.247.137.37,2026-02-11 19:47:44,2026-02-13 04:45:21,2,GB,ssh
195.184.76.87,2026-02-11 08:45:31,2026-02-13 00:46:23,2,US,onyphe
205.169.39.57,2026-02-10 11:00:04,2026-02-10 11:00:06,2,US,
45.55.186.92,2026-02-12 03:45:40,2026-02-13 00:45:36,2,US,ssh
118.107.220.15,2026-02-11 20:00:04,2026-02-12 16:02:53,2,MY,ssh
87.236.176.12,2026-02-10 09:45:37,2026-02-13 04:45:30,2,GB,ssh
134.209.86.24,2026-02-11 06:45:41,2026-02-11 06:45:43,2,NL,ssh
185.247.137.118,2026-02-10 19:01:13,2026-02-11 21:45:42,2,GB,ssh
157.245.245.246,2026-02-12 03:45:08,2026-02-13 00:45:06,2,US,ssh
35.203.211.158,2026-02-10 10:45:04,2026-02-13 01:45:50,2,GB,"PaloAlto, ssh"
162.243.116.182,2026-02-12 03:45:35,2026-02-13 00:45:23,2,US,ssh
91.196.152.255,2026-02-11 19:45:13,2026-02-13 03:45:16,2,FR,onyphe
205.210.31.140,2026-02-13 03:00:04,2026-02-13 03:45:51,2,BR,PaloAlto
206.168.34.124,2026-02-13 03:00:06,2026-02-13 03:46:39,2,US,"email, ssh"
66.132.153.114,2026-02-10 13:00:21,2026-02-12 13:49:19,2,US,ssh
205.210.31.182,2026-02-11 10:45:57,2026-02-13 01:45:57,2,BR,"PaloAlto, ssh"
185.247.137.250,2026-02-12 23:46:11,2026-02-13 04:45:33,2,GB,"bruteforce, sip"
205.210.31.101,2026-02-11 21:45:57,2026-02-12 07:46:13,2,US,PaloAlto
87.236.176.247,2026-02-12 23:47:14,2026-02-13 04:45:18,2,GB,ssh
109.123.117.231,2026-02-10 02:00:09,2026-02-10 02:00:11,2,GB,Rapid7
71.6.233.180,2026-02-11 15:46:22,2026-02-11 15:46:28,2,BG,"Rapid7, ssh"
64.62.197.41,2026-02-11 01:45:06,2026-02-13 06:45:11,2,US,ssh
176.65.139.25,2026-02-13 05:46:22,2026-02-13 06:45:59,2,GB,"PaloAlto, bots"
35.203.211.236,2026-02-10 16:00:04,2026-02-10 16:46:05,2,GB,"PaloAlto, ssh"
167.99.234.119,2026-02-12 03:45:42,2026-02-13 00:45:12,2,US,ssh
198.235.24.111,2026-02-10 00:45:20,2026-02-13 06:46:10,2,US,"PaloAlto, voip"
185.247.137.170,2026-02-10 09:45:15,2026-02-11 19:45:53,2,GB,ssh
205.210.31.175,2026-02-10 01:00:18,2026-02-13 05:45:21,2,BR,PaloAlto
64.62.197.32,2026-02-11 01:45:15,2026-02-13 06:45:07,2,US,email
198.235.24.228,2026-02-11 09:45:35,2026-02-13 05:46:23,2,BE,"PaloAlto, email"
64.62.156.223,2026-02-13 01:46:04,2026-02-13 01:46:06,2,US,ssh
91.196.152.130,2026-02-13 04:46:38,2026-02-13 04:46:42,2,FR,"bruteforce, onyphe"
87.236.176.180,2026-02-10 09:45:03,2026-02-10 09:45:03,1,GB,
205.210.31.149,2026-02-10 22:45:28,2026-02-10 22:45:28,1,US,"PaloAlto, ssh"
87.236.176.132,2026-02-11 19:00:13,2026-02-11 19:00:13,1,GB,ssh
45.55.151.3,2026-02-12 03:45:33,2026-02-12 03:45:33,1,US,ssh
109.105.209.27,2026-02-11 03:00:15,2026-02-11 03:00:15,1,US,ssh
45.55.153.86,2026-02-12 03:45:48,2026-02-12 03:45:48,1,US,ssh
147.185.133.219,2026-02-10 16:45:33,2026-02-10 16:45:33,1,FI,PaloAlto
87.236.176.171,2026-02-12 18:45:22,2026-02-12 18:45:22,1,GB,ssh
205.210.31.216,2026-02-10 15:00:03,2026-02-10 15:00:03,1,BR,PaloAlto
205.210.31.230,2026-02-10 11:00:12,2026-02-10 11:00:12,1,US,
147.185.133.157,2026-02-11 13:45:32,2026-02-11 13:45:32,1,BG,ssh
185.247.137.132,2026-02-11 19:00:29,2026-02-11 19:00:29,1,GB,ssh
198.235.24.77,2026-02-10 11:51:50,2026-02-10 11:51:50,1,US,
147.185.133.77,2026-02-11 19:00:45,2026-02-11 19:00:45,1,FI,PaloAlto
109.105.209.29,2026-02-11 03:00:17,2026-02-11 03:00:17,1,US,ssh
20.65.194.117,2026-02-12 06:45:29,2026-02-12 06:45:29,1,US,ssh
162.216.150.86,2026-02-12 07:00:29,2026-02-12 07:00:29,1,US,PaloAlto
147.185.133.68,2026-02-12 03:46:09,2026-02-12 03:46:09,1,US,ssh
87.236.176.187,2026-02-12 07:47:09,2026-02-12 07:47:09,1,GB,ssh
91.196.152.115,2026-02-10 19:45:09,2026-02-10 19:45:09,1,FR,onyphe
195.184.76.5,2026-02-12 07:45:03,2026-02-12 07:45:03,1,US,onyphe
162.216.149.146,2026-02-10 03:45:36,2026-02-10 03:45:36,1,NL,bots
198.235.24.51,2026-02-11 02:00:34,2026-02-11 02:00:34,1,BR,"PaloAlto, ssh"
91.196.152.31,2026-02-11 04:45:06,2026-02-11 04:45:06,1,FR,onyphe
185.185.82.88,2026-02-10 20:00:40,2026-02-10 20:00:40,1,FR,ssh
162.216.150.164,2026-02-12 12:00:48,2026-02-12 12:00:48,1,GB,PaloAlto
147.185.132.242,2026-02-12 03:46:11,2026-02-12 03:46:11,1,US,PaloAlto
157.245.154.64,2026-02-12 01:00:06,2026-02-12 01:00:06,1,GB,PaloAlto
35.203.211.46,2026-02-12 08:45:23,2026-02-12 08:45:23,1,GB,PaloAlto
198.235.24.14,2026-02-11 07:45:26,2026-02-11 07:45:26,1,BG,ssh
205.210.31.168,2026-02-10 01:00:28,2026-02-10 01:00:28,1,BR,PaloAlto
185.247.137.219,2026-02-12 23:47:02,2026-02-12 23:47:02,1,GB,"bruteforce, ssh, scada"
138.197.190.119,2026-02-12 07:45:47,2026-02-12 07:45:47,1,DE,bots
87.236.176.2,2026-02-10 21:01:01,2026-02-10 21:01:01,1,GB,ssh
87.236.176.129,2026-02-10 19:01:39,2026-02-10 19:01:39,1,GB,ssh
35.203.210.132,2026-02-11 07:45:41,2026-02-11 07:45:41,1,GB,"PaloAlto, email"
147.185.133.94,2026-02-11 08:45:26,2026-02-11 08:45:26,1,FI,PaloAlto
198.235.24.106,2026-02-10 19:45:33,2026-02-10 19:45:33,1,US,PaloAlto
206.168.34.50,2026-02-10 01:00:22,2026-02-10 01:00:22,1,US,ssh
162.216.150.83,2026-02-12 04:45:14,2026-02-12 04:45:14,1,US,PaloAlto
147.185.132.78,2026-02-10 07:00:03,2026-02-10 07:00:03,1,US,
64.62.197.167,2026-02-10 07:45:07,2026-02-10 07:45:07,1,US,
91.230.168.96,2026-02-11 19:00:43,2026-02-11 19:00:43,1,US,onyphe
199.45.155.83,2026-02-12 09:45:24,2026-02-12 09:45:24,1,HK,ssh
195.184.76.141,2026-02-12 18:45:08,2026-02-12 18:45:08,1,US,onyphe
147.185.133.52,2026-02-12 19:46:06,2026-02-12 19:46:06,1,DE,"bots, web"
91.196.152.126,2026-02-11 18:45:11,2026-02-11 18:45:11,1,FR,onyphe
199.45.154.151,2026-02-12 19:45:49,2026-02-12 19:45:49,1,HK,ssh
205.210.31.222,2026-02-12 07:45:07,2026-02-12 07:45:07,1,BR,PaloAlto
162.216.149.245,2026-02-12 19:46:04,2026-02-12 19:46:04,1,US,PaloAlto
198.235.24.236,2026-02-12 02:45:06,2026-02-12 02:45:06,1,BE,PaloAlto
206.168.34.205,2026-02-12 07:47:10,2026-02-12 07:47:10,1,US,ssh
147.185.132.16,2026-02-10 21:45:30,2026-02-10 21:45:30,1,TW,PaloAlto
162.216.150.9,2026-02-11 10:45:29,2026-02-11 10:45:29,1,US,PaloAlto
91.196.152.190,2026-02-11 19:45:05,2026-02-11 19:45:05,1,FR,onyphe
162.216.149.167,2026-02-12 06:00:44,2026-02-12 06:00:44,1,US,PaloAlto
198.235.24.102,2026-02-11 22:45:07,2026-02-11 22:45:07,1,US,"PaloAlto, email"
71.6.233.200,2026-02-11 15:00:43,2026-02-11 15:00:43,1,US,Rapid7
147.185.133.236,2026-02-12 17:00:11,2026-02-12 17:00:11,1,FI,PaloAlto
35.203.211.161,2026-02-10 11:51:08,2026-02-10 11:51:08,1,GB,
35.203.210.150,2026-02-12 03:45:59,2026-02-12 03:45:59,1,GB,PaloAlto
147.185.133.108,2026-02-12 10:45:58,2026-02-12 10:45:58,1,BG,ssh
66.132.153.138,2026-02-12 02:00:05,2026-02-12 02:00:05,1,US,ssh
205.210.31.71,2026-02-12 17:45:44,2026-02-12 17:45:44,1,US,PaloAlto
206.168.34.126,2026-02-12 04:45:13,2026-02-12 04:45:13,1,US,PaloAlto
87.236.176.103,2026-02-11 19:45:50,2026-02-11 19:45:50,1,GB,"bruteforce, scada, ssh"
87.236.176.214,2026-02-12 07:46:54,2026-02-12 07:46:54,1,GB,ssh
185.247.137.150,2026-02-12 07:46:03,2026-02-12 07:46:03,1,GB,ssh
147.185.132.43,2026-02-10 01:45:04,2026-02-10 01:45:04,1,US,PaloAlto
205.210.31.171,2026-02-10 23:45:14,2026-02-10 23:45:14,1,BR,PaloAlto
185.247.137.2,2026-02-10 09:45:18,2026-02-10 09:45:18,1,GB,
5.63.151.102,2026-02-11 15:45:19,2026-02-11 15:45:19,1,GB,Rapid7
206.168.34.48,2026-02-12 07:45:09,2026-02-12 07:45:09,1,US,ssh
64.62.156.54,2026-02-11 04:00:17,2026-02-11 04:00:17,1,US,ssh
176.65.139.12,2026-02-10 00:45:16,2026-02-10 00:45:16,1,DE,"adb-abuse, bots"
185.247.137.198,2026-02-10 16:45:40,2026-02-10 16:45:40,1,GB,ssh
147.185.132.111,2026-02-10 18:00:42,2026-02-10 18:00:42,1,US,PaloAlto
147.185.133.226,2026-02-12 02:45:12,2026-02-12 02:45:12,1,NL,bots
91.196.152.113,2026-02-12 20:45:08,2026-02-12 20:45:08,1,FR,onyphe
147.185.132.152,2026-02-12 14:00:47,2026-02-12 14:00:47,1,US,PaloAlto
185.247.137.42,2026-02-12 20:46:11,2026-02-12 20:46:11,1,GB,ssh
135.125.182.227,2026-02-10 01:45:36,2026-02-10 01:45:36,1,DE,"bruteforce, ssh"
205.210.31.252,2026-02-10 07:45:24,2026-02-10 07:45:24,1,US,
198.235.24.211,2026-02-11 00:46:51,2026-02-11 00:46:51,1,BR,PaloAlto
198.235.24.54,2026-02-10 03:00:14,2026-02-10 03:00:14,1,TW,PaloAlto
35.203.211.176,2026-02-11 07:00:14,2026-02-11 07:00:14,1,NL,"bots, web"
162.216.150.4,2026-02-11 04:45:58,2026-02-11 04:45:58,1,FI,PaloAlto
91.196.152.134,2026-02-11 19:46:37,2026-02-11 19:46:37,1,FR,onyphe
185.247.137.79,2026-02-11 19:46:02,2026-02-11 19:46:02,1,GB,"bruteforce, dicom"
35.203.210.189,2026-02-10 18:45:25,2026-02-10 18:45:25,1,DE,"bruteforce, ssh, web"
20.64.106.47,2026-02-10 15:45:58,2026-02-10 15:45:58,1,BG,ssh
198.235.24.182,2026-02-12 04:45:23,2026-02-12 04:45:23,1,BE,PaloAlto
198.235.24.53,2026-02-12 10:46:23,2026-02-12 10:46:23,1,NL,"email, ssh"
65.49.1.212,2026-02-11 02:45:21,2026-02-11 02:45:21,1,US,ssh
87.236.176.35,2026-02-10 09:45:27,2026-02-10 09:45:27,1,GB,
87.236.176.175,2026-02-12 23:45:39,2026-02-12 23:45:39,1,GB,ssh
147.185.132.112,2026-02-11 03:45:53,2026-02-11 03:45:53,1,US,PaloAlto
87.236.176.80,2026-02-10 20:45:38,2026-02-10 20:45:38,1,GB,"bruteforce, scada, ssh"
87.236.176.32,2026-02-10 21:01:12,2026-02-10 21:01:12,1,GB,ssh
205.210.31.34,2026-02-10 21:45:03,2026-02-10 21:45:03,1,US,PaloAlto
162.216.150.13,2026-02-10 07:45:09,2026-02-10 07:45:09,1,US,
91.196.152.21,2026-02-10 12:45:04,2026-02-10 12:45:04,1,FR,
87.236.176.10,2026-02-12 07:46:35,2026-02-12 07:46:35,1,GB,ssh
198.235.24.41,2026-02-12 21:46:12,2026-02-12 21:46:12,1,DE,"adb-abuse, bots, yarn"
162.216.149.12,2026-02-12 22:00:04,2026-02-12 22:00:04,1,US,PaloAlto
162.216.150.138,2026-02-12 01:00:03,2026-02-12 01:00:03,1,US,PaloAlto
91.196.152.26,2026-02-12 20:45:10,2026-02-12 20:45:10,1,FR,onyphe
185.247.137.9,2026-02-10 09:45:35,2026-02-10 09:45:35,1,GB,
147.185.132.117,2026-02-12 07:46:49,2026-02-12 07:46:49,1,US,PaloAlto
205.210.31.211,2026-02-10 04:45:15,2026-02-10 04:45:15,1,US,
185.247.137.248,2026-02-12 23:46:59,2026-02-12 23:46:59,1,GB,ssh
206.168.34.125,2026-02-10 06:45:15,2026-02-10 06:45:15,1,GB,PaloAlto
205.210.31.60,2026-02-10 13:45:12,2026-02-10 13:45:12,1,US,
205.210.31.234,2026-02-11 04:00:24,2026-02-11 04:00:24,1,BE,PaloAlto
35.203.211.125,2026-02-12 06:45:35,2026-02-12 06:45:35,1,GB,PaloAlto
91.196.152.191,2026-02-10 19:45:19,2026-02-10 19:45:19,1,FR,onyphe
147.185.132.253,2026-02-12 01:46:09,2026-02-12 01:46:09,1,US,PaloAlto
206.168.34.57,2026-02-10 21:45:35,2026-02-10 21:45:35,1,US,ssh
147.185.132.180,2026-02-10 02:45:03,2026-02-10 02:45:03,1,US,PaloAlto
198.235.24.193,2026-02-12 00:45:16,2026-02-12 00:45:16,1,BE,PaloAlto
87.236.176.105,2026-02-12 16:45:42,2026-02-12 16:45:42,1,GB,"bruteforce, scada"
87.236.176.206,2026-02-12 18:45:17,2026-02-12 18:45:17,1,GB,ssh
147.185.133.207,2026-02-10 07:45:06,2026-02-10 07:45:06,1,US,
217.154.69.208,2026-02-10 15:45:47,2026-02-10 15:45:47,1,DE,"bruteforce, ssh"
195.184.76.85,2026-02-11 08:45:28,2026-02-11 08:45:28,1,US,onyphe
162.216.150.14,2026-02-12 02:45:21,2026-02-12 02:45:21,1,NL,bots
198.235.24.45,2026-02-10 12:45:36,2026-02-10 12:45:36,1,US,
64.62.156.144,2026-02-12 03:45:44,2026-02-12 03:45:44,1,US,ssh
198.235.24.121,2026-02-11 21:00:42,2026-02-11 21:00:42,1,TW,"PaloAlto, ssh"
198.235.24.251,2026-02-12 10:46:12,2026-02-12 10:46:12,1,BE,PaloAlto
195.184.76.215,2026-02-12 18:45:04,2026-02-12 18:45:04,1,US,onyphe
35.203.210.100,2026-02-12 23:00:11,2026-02-12 23:00:11,1,TW,PaloAlto
87.236.176.236,2026-02-12 23:47:07,2026-02-12 23:47:07,1,GB,ssh
185.247.137.223,2026-02-12 23:47:19,2026-02-12 23:47:19,1,GB,ssh
147.185.132.145,2026-02-12 19:00:12,2026-02-12 19:00:12,1,US,PaloAlto
87.236.176.169,2026-02-12 23:45:35,2026-02-12 23:45:35,1,GB,ssh
198.235.24.38,2026-02-12 21:45:47,2026-02-12 21:45:47,1,BG,ssh
162.216.150.27,2026-02-12 05:00:09,2026-02-12 05:00:09,1,US,PaloAlto
91.196.152.131,2026-02-13 03:45:49,2026-02-13 03:45:49,1,FR,onyphe
198.235.24.231,2026-02-13 04:00:17,2026-02-13 04:00:17,1,DE,"adb-abuse, bots, yarn"
147.185.133.20,2026-02-12 10:45:53,2026-02-12 10:45:53,1,BG,ssh
91.230.168.99,2026-02-11 06:00:05,2026-02-11 06:00:05,1,US,onyphe
87.236.176.239,2026-02-12 23:47:10,2026-02-12 23:47:10,1,GB,ssh
185.247.137.163,2026-02-12 18:45:36,2026-02-12 18:45:36,1,GB,ssh
87.236.176.155,2026-02-12 18:45:33,2026-02-12 18:45:33,1,GB,ssh
185.247.137.173,2026-02-12 18:45:28,2026-02-12 18:45:28,1,GB,ssh
87.236.176.156,2026-02-12 18:45:25,2026-02-12 18:45:25,1,GB,ssh
20.64.105.148,2026-02-10 04:45:19,2026-02-10 04:45:19,1,US,
91.196.152.89,2026-02-12 20:45:55,2026-02-12 20:45:55,1,FR,onyphe
87.236.176.220,2026-02-12 23:47:08,2026-02-12 23:47:08,1,GB,ssh
147.185.132.142,2026-02-12 08:45:15,2026-02-12 08:45:15,1,NL,ssh
85.217.140.5,2026-02-11 11:45:54,2026-02-11 11:45:54,1,FR,"bruteforce, web"
205.210.31.186,2026-02-12 10:00:16,2026-02-12 10:00:16,1,BR,PaloAlto
195.184.76.44,2026-02-13 04:00:20,2026-02-13 04:00:20,1,US,onyphe
147.185.132.126,2026-02-11 01:45:08,2026-02-11 01:45:08,1,BR,PaloAlto
162.216.149.197,2026-02-12 16:02:46,2026-02-12 16:02:46,1,US,PaloAlto
198.235.24.178,2026-02-11 02:45:34,2026-02-11 02:45:34,1,BE,PaloAlto
185.247.137.175,2026-02-10 10:00:25,2026-02-10 10:00:25,1,GB,
185.247.137.130,2026-02-11 19:00:12,2026-02-11 19:00:12,1,GB,ssh
87.236.176.51,2026-02-12 20:46:14,2026-02-12 20:46:14,1,GB,ssh
198.235.24.158,2026-02-12 20:46:45,2026-02-12 20:46:45,1,FR,onyphe
198.235.24.96,2026-02-12 23:47:24,2026-02-12 23:47:24,1,TW,PaloAlto
147.185.132.65,2026-02-12 23:45:14,2026-02-12 23:45:14,1,US,PaloAlto
205.210.31.72,2026-02-10 06:00:07,2026-02-10 06:00:07,1,US,
185.247.137.152,2026-02-12 23:45:52,2026-02-12 23:45:52,1,GB,ssh
147.185.132.93,2026-02-10 16:46:00,2026-02-10 16:46:00,1,BG,ssh
91.196.152.2,2026-02-13 06:45:09,2026-02-13 06:45:09,1,FR,onyphe
195.184.76.150,2026-02-13 06:00:09,2026-02-13 06:00:09,1,US,onyphe
66.132.153.112,2026-02-13 05:45:20,2026-02-13 05:45:20,1,US,ssh
198.235.24.5,2026-02-13 05:00:14,2026-02-13 05:00:14,1,TW,PaloAlto
147.185.132.15,2026-02-13 05:00:17,2026-02-13 05:00:17,1,TW,PaloAlto
64.62.156.113,2026-02-13 04:46:44,2026-02-13 04:46:44,1,GB,ssh
98.89.204.118,2026-02-13 02:00:04,2026-02-13 02:00:04,1,US,email
81.17.96.171,2026-02-13 01:46:08,2026-02-13 01:46:08,1,US,PaloAlto
185.247.137.236,2026-02-12 23:46:56,2026-02-12 23:46:56,1,GB,ssh
185.247.137.229,2026-02-12 23:46:51,2026-02-12 23:46:51,1,GB,"scada, bruteforce"
185.247.137.149,2026-02-12 23:46:07,2026-02-12 23:46:07,1,GB,ssh
87.236.176.23,2026-02-12 23:46:05,2026-02-12 23:46:05,1,GB,ssh
147.185.132.249,2026-02-12 20:46:46,2026-02-12 20:46:46,1,US,PaloAlto
147.185.132.64,2026-02-12 09:46:03,2026-02-12 09:46:03,1,BG,ssh
185.247.137.70,2026-02-12 20:46:02,2026-02-12 20:46:02,1,GB,ssh
147.185.133.95,2026-02-13 02:46:54,2026-02-13 02:46:54,1,TW,PaloAlto
35.203.210.45,2026-02-13 05:00:12,2026-02-13 05:00:12,1,GB,PaloAlto
87.236.176.160,2026-02-12 23:46:09,2026-02-12 23:46:09,1,GB,ssh
198.235.24.200,2026-02-12 21:45:57,2026-02-12 21:45:57,1,BG,ssh
205.210.31.20,2026-02-13 02:00:29,2026-02-13 02:00:29,1,BE,"PaloAlto, ssh"
198.235.24.197,2026-02-12 21:45:54,2026-02-12 21:45:54,1,BE,PaloAlto
91.196.152.90,2026-02-12 21:45:08,2026-02-12 21:45:08,1,FR,onyphe
91.196.152.105,2026-02-12 21:45:05,2026-02-12 21:45:05,1,FR,onyphe
147.185.132.118,2026-02-12 20:46:57,2026-02-12 20:46:57,1,GB,PaloAlto
147.185.133.133,2026-02-12 12:45:35,2026-02-12 12:45:35,1,FI,PaloAlto
195.184.76.231,2026-02-12 18:45:09,2026-02-12 18:45:09,1,US,onyphe
206.168.34.220,2026-02-12 17:45:09,2026-02-12 17:45:09,1,NL,"bots, web"
109.105.209.17,2026-02-10 10:45:16,2026-02-10 10:45:16,1,US,
185.247.137.233,2026-02-12 23:47:22,2026-02-12 23:47:22,1,GB,ssh
162.216.149.79,2026-02-10 12:00:46,2026-02-10 12:00:46,1,US,
185.247.137.94,2026-02-11 19:45:27,2026-02-11 19:45:27,1,GB,"bruteforce, dicom"
147.185.132.36,2026-02-10 22:45:33,2026-02-10 22:45:33,1,US,PaloAlto
109.123.117.238,2026-02-10 01:45:32,2026-02-10 01:45:32,1,GB,Rapid7
109.105.210.74,2026-02-12 11:45:12,2026-02-12 11:45:12,1,US,ssh
185.247.137.12,2026-02-10 20:45:04,2026-02-10 20:45:04,1,GB,ssh
195.184.76.144,2026-02-11 21:00:48,2026-02-11 21:00:48,1,US,onyphe
198.235.24.24,2026-02-11 20:45:22,2026-02-11 20:45:22,1,BR,PaloAlto
52.167.144.140,2026-02-12 01:45:56,2026-02-12 01:45:56,1,US,bots
147.185.132.144,2026-02-12 07:45:54,2026-02-12 07:45:54,1,US,"PaloAlto, email"
198.235.24.199,2026-02-11 08:45:51,2026-02-11 08:45:51,1,US,ssh
87.236.176.153,2026-02-12 07:46:31,2026-02-12 07:46:31,1,GB,ssh
198.235.24.181,2026-02-10 05:45:04,2026-02-10 05:45:04,1,BE,PaloAlto
147.185.133.120,2026-02-10 17:00:12,2026-02-10 17:00:12,1,FI,"PaloAlto, ssh"
198.235.24.43,2026-02-13 00:47:18,2026-02-13 00:47:18,1,BG,ssh
205.210.31.74,2026-02-12 20:46:55,2026-02-12 20:46:55,1,US,PaloAlto
185.247.137.168,2026-02-12 07:46:41,2026-02-12 07:46:41,1,GB,ssh
185.247.137.126,2026-02-10 19:01:30,2026-02-10 19:01:30,1,GB,ssh
206.168.34.52,2026-02-10 03:45:26,2026-02-10 03:45:26,1,GB,PaloAlto
87.236.176.111,2026-02-10 20:00:05,2026-02-10 20:00:05,1,GB,ssh
37.120.213.13,2026-02-12 10:46:10,2026-02-12 10:46:10,1,NL,"adb-abuse, cve-2020-10987"
35.203.211.40,2026-02-10 04:00:14,2026-02-10 04:00:14,1,GB,
147.185.132.82,2026-02-11 23:45:57,2026-02-11 23:45:57,1,TW,PaloAlto
162.216.149.59,2026-02-11 00:46:56,2026-02-11 00:46:56,1,NL,"adb-abuse, cve-2020-10987"
35.203.210.217,2026-02-12 17:45:15,2026-02-12 17:45:15,1,GB,PaloAlto
162.216.149.233,2026-02-12 11:45:18,2026-02-12 11:45:18,1,GB,PaloAlto
205.210.31.48,2026-02-10 09:00:05,2026-02-10 09:00:05,1,US,
35.203.211.163,2026-02-12 10:46:14,2026-02-12 10:46:14,1,US,ssh
146.185.25.184,2026-02-11 15:46:43,2026-02-11 15:46:43,1,GB,Rapid7
185.247.137.36,2026-02-12 07:46:11,2026-02-12 07:46:11,1,GB,ssh
198.235.24.85,2026-02-10 00:45:07,2026-02-10 00:45:07,1,TW,PaloAlto
205.210.31.246,2026-02-13 05:00:09,2026-02-13 05:00:09,1,BR,PaloAlto
35.203.210.182,2026-02-10 04:45:03,2026-02-10 04:45:03,1,GB,
195.184.76.115,2026-02-10 00:00:05,2026-02-10 00:00:05,1,US,onyphe
104.248.85.227,2026-02-11 02:45:03,2026-02-11 02:45:03,1,NL,ssh
147.185.132.188,2026-02-10 08:45:08,2026-02-10 08:45:08,1,US,
87.236.176.151,2026-02-12 18:45:16,2026-02-12 18:45:16,1,GB,ssh
35.203.210.14,2026-02-12 09:45:53,2026-02-12 09:45:53,1,US,PaloAlto
142.93.234.250,2026-02-11 03:45:40,2026-02-11 03:45:40,1,NL,ssh
66.249.83.42,2026-02-12 08:00:05,2026-02-12 08:00:05,1,US,bots
198.235.24.79,2026-02-12 08:45:21,2026-02-12 08:45:21,1,GB,PaloAlto
162.243.114.171,2026-02-12 03:45:06,2026-02-12 03:45:06,1,US,ssh
147.185.132.226,2026-02-12 06:45:47,2026-02-12 06:45:47,1,BG,ssh
147.185.133.193,2026-02-12 04:45:11,2026-02-12 04:45:11,1,FI,PaloAlto
165.22.157.105,2026-02-11 08:46:12,2026-02-11 08:46:12,1,US,web
35.203.211.166,2026-02-10 09:46:27,2026-02-10 09:46:27,1,GB,
205.210.31.86,2026-02-10 21:45:22,2026-02-10 21:45:22,1,US,"PaloAlto, ssh"
147.185.132.69,2026-02-10 18:45:39,2026-02-10 18:45:39,1,US,PaloAlto
185.247.137.60,2026-02-12 20:46:16,2026-02-12 20:46:16,1,GB,ssh
87.236.176.191,2026-02-12 18:45:44,2026-02-12 18:45:44,1,GB,ssh
205.210.31.59,2026-02-11 17:00:26,2026-02-11 17:00:26,1,US,PaloAlto
198.235.24.119,2026-02-10 20:45:12,2026-02-10 20:45:12,1,TW,PaloAlto
205.210.31.80,2026-02-11 19:45:44,2026-02-11 19:45:44,1,TW,PaloAlto
205.210.31.201,2026-02-11 06:45:54,2026-02-11 06:45:54,1,BR,PaloAlto
40.124.175.52,2026-02-11 03:45:19,2026-02-11 03:45:19,1,US,ssh
198.235.24.75,2026-02-10 03:45:34,2026-02-10 03:45:34,1,NL,bots
35.203.210.17,2026-02-10 04:45:55,2026-02-10 04:45:55,1,GB,PaloAlto
147.185.132.160,2026-02-12 06:45:41,2026-02-12 06:45:41,1,US,PaloAlto
91.196.152.249,2026-02-11 18:45:22,2026-02-11 18:45:22,1,FR,onyphe
185.247.137.172,2026-02-12 07:46:22,2026-02-12 07:46:22,1,GB,ssh
35.203.211.223,2026-02-12 16:46:19,2026-02-12 16:46:19,1,GB,PaloAlto
45.156.129.62,2026-02-12 18:00:12,2026-02-12 18:00:12,1,US,ssh
91.196.152.114,2026-02-11 04:45:03,2026-02-11 04:45:03,1,FR,onyphe
147.185.132.141,2026-02-11 05:45:52,2026-02-11 05:45:52,1,US,ssh
162.216.149.168,2026-02-12 10:46:25,2026-02-12 10:46:25,1,NL,bots
198.235.24.253,2026-02-11 05:45:48,2026-02-11 05:45:48,1,BR,PaloAlto
205.210.31.214,2026-02-10 23:45:25,2026-02-10 23:45:25,1,US,PaloAlto
206.168.34.34,2026-02-11 06:45:33,2026-02-11 06:45:33,1,GB,PaloAlto
64.226.124.141,2026-02-10 21:00:50,2026-02-10 21:00:50,1,BG,ssh
185.247.137.176,2026-02-10 10:00:18,2026-02-10 10:00:18,1,GB,
147.185.133.249,2026-02-12 16:01:39,2026-02-12 16:01:39,1,NL,bots
35.203.211.234,2026-02-10 04:45:34,2026-02-10 04:45:34,1,GB,"PaloAlto, email"
147.185.133.255,2026-02-10 09:46:23,2026-02-10 09:46:23,1,US,
198.235.24.70,2026-02-11 08:46:14,2026-02-11 08:46:14,1,TW,PaloAlto
185.247.137.107,2026-02-11 19:45:31,2026-02-11 19:45:31,1,GB,ssh
205.210.31.195,2026-02-10 04:45:10,2026-02-10 04:45:10,1,US,
87.236.176.154,2026-02-10 10:00:22,2026-02-10 10:00:22,1,GB,
205.210.31.8,2026-02-10 23:45:23,2026-02-10 23:45:23,1,BE,"PaloAlto, email"
91.230.168.30,2026-02-11 18:45:03,2026-02-11 18:45:03,1,US,onyphe
195.184.76.84,2026-02-11 21:00:47,2026-02-11 21:00:47,1,US,onyphe
185.247.137.82,2026-02-11 19:46:12,2026-02-11 19:46:12,1,GB,ssh
198.235.24.93,2026-02-12 01:46:11,2026-02-12 01:46:11,1,US,ssh
198.46.146.200,2026-02-11 17:46:07,2026-02-11 17:46:07,1,BG,ssh
87.236.176.141,2026-02-11 19:48:14,2026-02-11 19:48:14,1,GB,ssh
87.236.176.165,2026-02-10 09:45:09,2026-02-10 09:45:09,1,GB,
91.230.168.100,2026-02-11 14:45:18,2026-02-11 14:45:18,1,US,onyphe
165.154.138.3,2026-02-11 00:45:14,2026-02-11 00:45:14,1,DE,ssh
142.93.227.197,2026-02-12 06:00:06,2026-02-12 06:00:06,1,NL,ssh
205.210.31.89,2026-02-10 01:00:29,2026-02-10 01:00:29,1,NL,ssh
185.247.137.114,2026-02-11 19:47:47,2026-02-11 19:47:47,1,GB,ssh
185.247.137.11,2026-02-12 07:46:27,2026-02-12 07:46:27,1,GB,ssh
185.247.137.48,2026-02-11 14:00:05,2026-02-11 14:00:05,1,GB,ssh
147.185.132.195,2026-02-11 05:00:04,2026-02-11 05:00:04,1,US,"PaloAlto, email, ssh"
35.203.211.90,2026-02-11 19:48:07,2026-02-11 19:48:07,1,IN,bots
64.89.163.109,2026-02-11 21:45:28,2026-02-11 21:45:28,1,NL,cve-2023-1389
206.168.34.197,2026-02-10 09:46:29,2026-02-10 09:46:29,1,US,
147.185.132.72,2026-02-10 21:01:03,2026-02-10 21:01:03,1,BE,PaloAlto
20.64.104.65,2026-02-12 06:45:24,2026-02-12 06:45:24,1,US,email
45.140.42.179,2026-02-10 16:45:08,2026-02-10 16:45:08,1,DE,"bruteforce, ssh, web"
147.185.133.233,2026-02-12 19:46:14,2026-02-12 19:46:14,1,FI,PaloAlto
162.216.149.55,2026-02-11 17:45:07,2026-02-11 17:45:07,1,US,PaloAlto
205.210.31.225,2026-02-13 00:47:06,2026-02-13 00:47:06,1,BR,PaloAlto
66.132.153.121,2026-02-10 10:00:07,2026-02-10 10:00:07,1,US,
87.236.176.22,2026-02-10 09:45:46,2026-02-10 09:45:46,1,GB,
87.236.176.157,2026-02-11 19:45:41,2026-02-11 19:45:41,1,GB,ssh
198.235.24.166,2026-02-10 01:00:34,2026-02-10 01:00:34,1,BE,PaloAlto
91.231.89.114,2026-02-11 17:46:04,2026-02-11 17:46:04,1,FR,onyphe
162.216.149.196,2026-02-11 17:45:52,2026-02-11 17:45:52,1,BG,"bots, cve-2025-55182"
87.236.176.143,2026-02-11 21:45:46,2026-02-11 21:45:46,1,GB,"bruteforce, scada, ssh"
185.247.137.96,2026-02-11 19:46:05,2026-02-11 19:46:05,1,GB,ssh
147.185.132.224,2026-02-10 00:45:05,2026-02-10 00:45:05,1,US,PaloAlto
87.236.176.137,2026-02-11 19:47:59,2026-02-11 19:47:59,1,GB,ssh
147.185.133.250,2026-02-10 02:45:15,2026-02-10 02:45:15,1,FI,PaloAlto
91.196.152.183,2026-02-10 19:45:17,2026-02-10 19:45:17,1,FR,onyphe
109.26.27.18,2026-02-11 12:45:16,2026-02-11 12:45:16,1,FR,"bruteforce, web"
161.248.162.15,2026-02-11 12:45:32,2026-02-11 12:45:32,1,IN,"bots, bruteforce, rdp, ssh"
91.196.152.252,2026-02-11 18:45:05,2026-02-11 18:45:05,1,FR,onyphe
147.185.132.97,2026-02-10 20:45:18,2026-02-10 20:45:18,1,FR,ssh
87.236.176.144,2026-02-10 19:01:37,2026-02-10 19:01:37,1,GB,ssh
198.235.24.222,2026-02-10 02:45:24,2026-02-10 02:45:24,1,GB,PaloAlto
185.247.137.148,2026-02-11 19:45:45,2026-02-11 19:45:45,1,GB,ssh
66.132.153.137,2026-02-10 17:45:09,2026-02-10 17:45:09,1,US,ssh
205.210.31.251,2026-02-11 14:45:11,2026-02-11 14:45:11,1,BR,PaloAlto
162.216.149.159,2026-02-10 03:45:29,2026-02-10 03:45:29,1,NL,bots
35.203.211.92,2026-02-10 03:45:53,2026-02-10 03:45:53,1,NL,bots
205.210.31.255,2026-02-12 04:45:59,2026-02-12 04:45:59,1,BR,PaloAlto
162.216.149.198,2026-02-12 17:46:20,2026-02-12 17:46:20,1,NL,ssh
147.185.132.87,2026-02-11 00:46:58,2026-02-11 00:46:58,1,US,PaloAlto
87.236.176.110,2026-02-10 19:01:23,2026-02-10 19:01:23,1,GB,ssh
165.22.213.177,2026-02-12 02:45:07,2026-02-12 02:45:07,1,IN,ssh
198.235.24.173,2026-02-10 09:46:20,2026-02-10 09:46:20,1,US,
71.6.233.201,2026-02-11 15:45:53,2026-02-11 15:45:53,1,BG,ssh
147.185.132.75,2026-02-10 03:45:51,2026-02-10 03:45:51,1,FR,voip
205.210.31.64,2026-02-11 02:45:19,2026-02-11 02:45:19,1,IT,bots
147.185.132.70,2026-02-11 23:00:09,2026-02-11 23:00:09,1,US,PaloAlto
45.82.78.108,2026-02-13 00:45:30,2026-02-13 00:45:30,1,SG,ssh
147.185.132.207,2026-02-10 14:45:08,2026-02-10 14:45:08,1,TW,PaloAlto
91.230.168.0,2026-02-10 18:45:35,2026-02-10 18:45:35,1,US,onyphe
162.216.150.69,2026-02-10 18:00:34,2026-02-10 18:00:34,1,US,PaloAlto
45.156.128.112,2026-02-10 08:45:04,2026-02-10 08:45:04,1,NL,
147.185.132.91,2026-02-10 20:00:49,2026-02-10 20:00:49,1,US,PaloAlto
157.245.36.108,2026-02-10 18:00:38,2026-02-10 18:00:38,1,BG,ssh
147.185.133.103,2026-02-12 05:45:12,2026-02-12 05:45:12,1,FI,PaloAlto
185.247.137.101,2026-02-11 19:46:27,2026-02-11 19:46:27,1,GB,ssh
195.184.76.7,2026-02-11 05:45:05,2026-02-11 05:45:05,1,US,onyphe
198.235.24.95,2026-02-10 22:00:45,2026-02-10 22:00:45,1,TW,"PaloAlto, email"
87.236.176.6,2026-02-10 09:45:17,2026-02-10 09:45:17,1,GB,
136.111.158.65,2026-02-11 12:45:22,2026-02-11 12:45:22,1,US,ssh
205.210.31.83,2026-02-11 05:45:50,2026-02-11 05:45:50,1,US,"PaloAlto, ssh"
87.236.176.99,2026-02-11 19:46:20,2026-02-11 19:46:20,1,GB,ssh
198.235.24.107,2026-02-10 09:46:14,2026-02-10 09:46:14,1,US,
198.235.24.68,2026-02-10 06:45:12,2026-02-10 06:45:12,1,US,ssh
35.203.211.38,2026-02-12 02:45:04,2026-02-12 02:45:04,1,GB,PaloAlto
199.45.155.65,2026-02-12 12:45:27,2026-02-12 12:45:27,1,HK,ssh
198.235.24.56,2026-02-12 03:46:13,2026-02-12 03:46:13,1,GB,PaloAlto
87.236.176.139,2026-02-11 21:45:25,2026-02-11 21:45:25,1,GB,ssh
198.235.24.60,2026-02-10 20:01:00,2026-02-10 20:01:00,1,BG,ssh
35.203.210.254,2026-02-10 23:45:10,2026-02-10 23:45:10,1,GB,PaloAlto
143.110.230.197,2026-02-11 20:45:09,2026-02-11 20:45:09,1,US,ssh
199.45.155.92,2026-02-12 12:45:03,2026-02-12 12:45:03,1,HK,ssh
87.236.176.134,2026-02-11 19:00:10,2026-02-11 19:00:10,1,GB,ssh
185.247.137.141,2026-02-10 19:01:33,2026-02-10 19:01:33,1,GB,ssh
162.216.150.182,2026-02-10 10:45:11,2026-02-10 10:45:11,1,US,
198.235.24.204,2026-02-11 07:00:12,2026-02-11 07:00:12,1,BE,PaloAlto
91.231.89.200,2026-02-11 17:46:01,2026-02-11 17:46:01,1,FR,onyphe
91.230.168.195,2026-02-13 00:46:42,2026-02-13 00:46:42,1,US,onyphe
147.185.133.190,2026-02-11 10:45:31,2026-02-11 10:45:31,1,FI,PaloAlto
91.196.152.5,2026-02-11 17:46:22,2026-02-11 17:46:22,1,FR,onyphe
147.185.132.106,2026-02-11 01:45:13,2026-02-11 01:45:13,1,US,PaloAlto
91.196.152.219,2026-02-11 19:45:04,2026-02-11 19:45:04,1,FR,onyphe
147.185.132.114,2026-02-10 11:45:21,2026-02-10 11:45:21,1,US,
87.236.176.98,2026-02-11 19:45:51,2026-02-11 19:45:51,1,GB,ssh
185.247.137.203,2026-02-10 19:00:35,2026-02-10 19:00:35,1,GB,ssh
147.185.132.189,2026-02-11 01:00:15,2026-02-11 01:00:15,1,US,PaloAlto
87.236.176.126,2026-02-10 19:01:14,2026-02-10 19:01:14,1,GB,ssh
162.216.149.195,2026-02-12 18:00:04,2026-02-12 18:00:04,1,US,PaloAlto
205.210.31.231,2026-02-10 08:45:13,2026-02-10 08:45:13,1,US,
198.235.24.69,2026-02-11 04:45:56,2026-02-11 04:45:56,1,US,PaloAlto
205.210.31.170,2026-02-10 02:00:34,2026-02-10 02:00:34,1,US,ssh
87.236.176.210,2026-02-12 07:00:08,2026-02-12 07:00:08,1,GB,ssh
35.203.210.67,2026-02-13 00:47:08,2026-02-13 00:47:08,1,BG,ssh
198.235.24.246,2026-02-12 05:00:05,2026-02-12 05:00:05,1,BE,PaloAlto
95.111.216.119,2026-02-12 23:00:04,2026-02-12 23:00:04,1,AU,bots
185.247.137.22,2026-02-10 09:45:41,2026-02-10 09:45:41,1,GB,
195.184.76.96,2026-02-11 15:00:32,2026-02-11 15:00:32,1,US,onyphe
165.22.83.160,2026-02-10 05:45:20,2026-02-10 05:45:20,1,US,PaloAlto
52.167.144.156,2026-02-10 23:00:03,2026-02-10 23:00:03,1,US,bots
198.235.24.163,2026-02-11 04:00:21,2026-02-11 04:00:21,1,BE,PaloAlto
147.185.132.52,2026-02-10 09:46:31,2026-02-10 09:46:31,1,US,
91.231.89.213,2026-02-11 15:45:45,2026-02-11 15:45:45,1,FR,onyphe
147.185.132.13,2026-02-10 01:00:31,2026-02-10 01:00:31,1,US,"PaloAlto, ssh"
91.230.168.242,2026-02-13 00:46:44,2026-02-13 00:46:44,1,US,onyphe
35.203.211.10,2026-02-10 19:01:11,2026-02-10 19:01:11,1,GB,PaloAlto
87.236.176.201,2026-02-10 19:00:49,2026-02-10 19:00:49,1,GB,ssh
156.238.253.198,2026-02-12 20:00:06,2026-02-12 20:00:06,1,US,ssh
159.65.216.50,2026-02-13 00:45:45,2026-02-13 00:45:45,1,US,ssh
31.14.32.7,2026-02-13 05:46:03,2026-02-13 05:46:03,1,NL,"bruteforce, web"
198.235.24.108,2026-02-13 00:46:58,2026-02-13 00:46:58,1,TW,PaloAlto
205.210.31.164,2026-02-11 09:00:12,2026-02-11 09:00:12,1,BR,PaloAlto
87.236.176.128,2026-02-11 21:45:30,2026-02-11 21:45:30,1,GB,ssh
162.216.150.128,2026-02-12 20:00:12,2026-02-12 20:00:12,1,US,PaloAlto
66.132.153.131,2026-02-11 11:00:31,2026-02-11 11:00:31,1,US,ssh
50.149.203.166,2026-02-12 23:45:05,2026-02-12 23:45:05,1,US,"bruteforce, web, ssh"
185.247.137.80,2026-02-11 19:46:30,2026-02-11 19:46:30,1,GB,ssh
198.235.24.196,2026-02-10 19:45:07,2026-02-10 19:45:07,1,BE,PaloAlto
198.235.24.55,2026-02-12 06:00:08,2026-02-12 06:00:08,1,TW,PaloAlto
185.247.137.13,2026-02-11 19:47:04,2026-02-11 19:47:04,1,GB,ssh
198.235.24.243,2026-02-12 07:45:45,2026-02-12 07:45:45,1,US,PaloAlto
135.119.106.236,2026-02-12 02:00:47,2026-02-12 02:00:47,1,US,ssh
91.196.152.182,2026-02-10 19:45:14,2026-02-10 19:45:14,1,FR,onyphe
88.202.190.152,2026-02-10 01:45:09,2026-02-10 01:45:09,1,GB,Rapid7
143.244.168.161,2026-02-10 17:45:04,2026-02-10 17:45:04,1,US,"bots, web"
35.203.211.200,2026-02-10 02:45:05,2026-02-10 02:45:05,1,GB,PaloAlto
147.185.132.183,2026-02-10 20:01:04,2026-02-10 20:01:04,1,US,PaloAlto
185.247.137.110,2026-02-10 19:01:03,2026-02-10 19:01:03,1,GB,ssh
128.199.8.140,2026-02-12 03:45:27,2026-02-12 03:45:27,1,US,ssh
206.168.34.213,2026-02-11 18:45:16,2026-02-11 18:45:16,1,US,onyphe
185.247.137.131,2026-02-10 19:00:56,2026-02-10 19:00:56,1,GB,ssh
206.189.206.75,2026-02-10 09:00:04,2026-02-10 09:00:04,1,US,
87.236.176.7,2026-02-10 09:45:43,2026-02-10 09:45:43,1,GB,
185.247.137.106,2026-02-12 16:02:13,2026-02-12 16:02:13,1,GB,"bruteforce, scada, sip"
205.210.31.51,2026-02-10 17:00:04,2026-02-10 17:00:04,1,US,PaloAlto
198.235.24.167,2026-02-11 06:45:36,2026-02-11 06:45:36,1,BE,PaloAlto
198.235.24.232,2026-02-11 23:45:14,2026-02-11 23:45:14,1,BE,PaloAlto
205.210.31.178,2026-02-10 06:45:18,2026-02-10 06:45:18,1,BR,PaloAlto
194.187.176.3,2026-02-11 03:45:50,2026-02-11 03:45:50,1,DE,ssh
198.235.24.221,2026-02-10 10:45:15,2026-02-10 10:45:15,1,US,
35.203.210.177,2026-02-11 16:46:21,2026-02-11 16:46:21,1,BG,ssh
185.247.137.240,2026-02-10 05:45:31,2026-02-10 05:45:31,1,GB,ssh
87.236.176.87,2026-02-11 19:46:07,2026-02-11 19:46:07,1,GB,ssh
205.210.31.69,2026-02-11 21:45:54,2026-02-11 21:45:54,1,US,PaloAlto
195.184.76.214,2026-02-11 06:00:14,2026-02-11 06:00:14,1,US,"onyphe, ssh"
198.235.24.129,2026-02-10 13:00:11,2026-02-10 13:00:11,1,US,
195.184.76.17,2026-02-10 00:00:10,2026-02-10 00:00:10,1,US,onyphe
159.65.119.52,2026-02-10 08:45:07,2026-02-10 08:45:07,1,DE,
205.210.31.11,2026-02-10 01:45:30,2026-02-10 01:45:30,1,US,PaloAlto
185.247.137.64,2026-02-10 05:45:22,2026-02-10 05:45:22,1,GB,ssh
147.185.133.132,2026-02-10 07:45:11,2026-02-10 07:45:11,1,US,
135.222.40.117,2026-02-10 16:45:05,2026-02-10 16:45:05,1,US,ssh
87.236.176.61,2026-02-11 21:45:43,2026-02-11 21:45:43,1,GB,ssh
69.87.207.135,2026-02-11 21:00:50,2026-02-11 21:00:50,1,US,ssh
147.185.132.24,2026-02-10 11:52:08,2026-02-10 11:52:08,1,US,
162.216.150.122,2026-02-11 03:45:05,2026-02-11 03:45:05,1,US,PaloAlto
87.236.176.4,2026-02-12 07:45:59,2026-02-12 07:45:59,1,GB,ssh
64.227.99.138,2026-02-13 00:45:27,2026-02-13 00:45:27,1,US,ssh
147.185.132.168,2026-02-10 01:00:15,2026-02-10 01:00:15,1,US,PaloAlto
147.185.133.189,2026-02-12 11:45:21,2026-02-12 11:45:21,1,US,PaloAlto
100.51.6.16,2026-02-10 02:45:28,2026-02-10 02:45:28,1,US,email
87.236.176.209,2026-02-10 19:45:49,2026-02-10 19:45:49,1,GB,ssh
198.235.24.104,2026-02-10 21:45:37,2026-02-10 21:45:37,1,US,"bots, bruteforce, ssh, web"
147.185.132.136,2026-02-12 04:45:09,2026-02-12 04:45:09,1,US,PaloAlto
109.199.97.161,2026-02-10 22:00:42,2026-02-10 22:00:42,1,FR,ssh
198.235.24.177,2026-02-11 06:00:03,2026-02-11 06:00:03,1,BE,PaloAlto
64.225.100.236,2026-02-10 23:45:20,2026-02-10 23:45:20,1,US,"PaloAlto, email"
87.236.176.47,2026-02-11 19:47:03,2026-02-11 19:47:03,1,GB,ssh
162.216.149.3,2026-02-10 02:45:22,2026-02-10 02:45:22,1,ID,cve-2025-55182
64.62.156.52,2026-02-12 05:45:06,2026-02-12 05:45:06,1,US,email
147.185.133.253,2026-02-10 07:45:12,2026-02-10 07:45:12,1,US,
87.236.176.3,2026-02-11 19:46:55,2026-02-11 19:46:55,1,GB,ssh
162.216.150.113,2026-02-13 00:46:49,2026-02-13 00:46:49,1,BE,"PaloAlto, ssh"
87.236.176.148,2026-02-12 07:46:17,2026-02-12 07:46:17,1,GB,ssh
205.210.31.110,2026-02-13 05:45:29,2026-02-13 05:45:29,1,US,ssh
64.62.156.202,2026-02-11 03:45:33,2026-02-11 03:45:33,1,US,ssh
206.168.34.42,2026-02-12 14:45:13,2026-02-12 14:45:13,1,US,"bruteforce, ssh, web"
147.185.133.232,2026-02-13 03:45:25,2026-02-13 03:45:25,1,FI,PaloAlto
147.185.133.119,2026-02-11 08:00:04,2026-02-11 08:00:04,1,FI,"PaloAlto, email"
146.185.25.174,2026-02-11 15:00:27,2026-02-11 15:00:27,1,GB,Rapid7
162.216.149.17,2026-02-11 05:45:54,2026-02-11 05:45:54,1,US,PaloAlto
162.216.149.11,2026-02-12 13:49:25,2026-02-12 13:49:25,1,FI,PaloAlto
162.216.150.65,2026-02-11 18:45:18,2026-02-11 18:45:18,1,US,PaloAlto
64.227.108.146,2026-02-13 00:45:25,2026-02-13 00:45:25,1,US,ssh
64.62.156.108,2026-02-12 06:45:21,2026-02-12 06:45:21,1,US,ssh
103.40.61.98,2026-02-10 01:46:09,2026-02-10 01:46:09,1,IN,"bots, ssh, web"
205.210.31.244,2026-02-10 04:45:59,2026-02-10 04:45:59,1,BR,PaloAlto
66.132.153.115,2026-02-13 00:46:56,2026-02-13 00:46:56,1,TW,PaloAlto
91.196.152.39,2026-02-11 19:45:08,2026-02-11 19:45:08,1,FR,onyphe
146.185.25.189,2026-02-11 15:46:09,2026-02-11 15:46:09,1,BG,ssh
91.196.152.92,2026-02-13 02:46:13,2026-02-13 02:46:13,1,FR,onyphe
185.247.137.123,2026-02-11 19:00:17,2026-02-11 19:00:17,1,GB,ssh
87.236.176.115,2026-02-11 19:48:10,2026-02-11 19:48:10,1,GB,ssh
205.210.31.18,2026-02-13 01:00:05,2026-02-13 01:00:05,1,US,PaloAlto
206.168.34.202,2026-02-10 05:45:08,2026-02-10 05:45:08,1,US,ssh
147.185.132.173,2026-02-13 03:45:46,2026-02-13 03:45:46,1,GB,PaloAlto
185.247.137.34,2026-02-10 09:45:31,2026-02-10 09:45:31,1,GB,
87.236.176.127,2026-02-11 19:47:55,2026-02-11 19:47:55,1,GB,ssh
206.168.34.206,2026-02-13 00:46:54,2026-02-13 00:46:54,1,US,ssh
147.185.132.163,2026-02-13 03:45:23,2026-02-13 03:45:23,1,GB,PaloAlto
35.203.211.212,2026-02-11 10:46:00,2026-02-11 10:46:00,1,DE,"bruteforce, ssh, web"
198.235.24.126,2026-02-13 02:00:32,2026-02-13 02:00:32,1,US,PaloAlto
162.216.150.91,2026-02-12 18:46:50,2026-02-12 18:46:50,1,BE,PaloAlto
198.235.24.238,2026-02-12 21:46:18,2026-02-12 21:46:18,1,US,cve-2025-55182
147.185.132.198,2026-02-11 02:45:10,2026-02-11 02:45:10,1,US,PaloAlto
109.123.117.244,2026-02-11 15:45:16,2026-02-11 15:45:16,1,GB,Rapid7
205.210.31.199,2026-02-11 20:45:16,2026-02-11 20:45:16,1,TW,PaloAlto
185.247.137.73,2026-02-11 14:00:19,2026-02-11 14:00:19,1,GB,ssh
195.184.76.31,2026-02-13 05:46:05,2026-02-13 05:46:05,1,US,onyphe
185.247.137.239,2026-02-13 04:45:32,2026-02-13 04:45:32,1,GB,ssh
198.235.24.97,2026-02-13 00:45:52,2026-02-13 00:45:52,1,GB,PaloAlto
147.185.132.234,2026-02-12 04:45:25,2026-02-12 04:45:25,1,US,PaloAlto
45.55.158.168,2026-02-13 00:45:33,2026-02-13 00:45:33,1,US,ssh
198.235.24.71,2026-02-13 01:45:12,2026-02-13 01:45:12,1,TW,PaloAlto
198.235.24.247,2026-02-13 01:45:52,2026-02-13 01:45:52,1,TW,PaloAlto
205.210.31.169,2026-02-13 01:46:01,2026-02-13 01:46:01,1,SG,ssh
45.79.5.250,2026-02-13 02:45:06,2026-02-13 02:45:06,1,US,"bruteforce, web"
185.247.137.224,2026-02-13 04:45:06,2026-02-13 04:45:06,1,GB,ssh
147.185.132.79,2026-02-13 03:00:11,2026-02-13 03:00:11,1,US,PaloAlto
217.217.250.184,2026-02-13 00:46:59,2026-02-13 00:46:59,1,FI,PaloAlto
147.185.132.53,2026-02-13 03:45:11,2026-02-13 03:45:11,1,US,PaloAlto
198.235.24.83,2026-02-13 03:45:32,2026-02-13 03:45:32,1,TW,PaloAlto
198.235.24.42,2026-02-13 04:00:14,2026-02-13 04:00:14,1,TW,PaloAlto
205.210.31.153,2026-02-13 06:45:53,2026-02-13 06:45:53,1,BR,PaloAlto
205.210.31.68,2026-02-10 08:45:15,2026-02-10 08:45:15,1,US,
91.196.152.133,2026-02-13 04:45:56,2026-02-13 04:45:56,1,FR,onyphe
91.196.152.253,2026-02-13 04:45:49,2026-02-13 04:45:49,1,FR,onyphe
87.236.176.227,2026-02-13 04:45:28,2026-02-13 04:45:28,1,GB,ssh
147.185.132.192,2026-02-13 04:45:22,2026-02-13 04:45:22,1,US,PaloAlto
87.236.176.243,2026-02-13 04:45:14,2026-02-13 04:45:14,1,GB,ssh
185.247.137.234,2026-02-13 04:45:09,2026-02-13 04:45:09,1,GB,ssh
162.216.149.234,2026-02-13 05:00:03,2026-02-13 05:00:03,1,US,PaloAlto
142.93.230.222,2026-02-13 05:45:13,2026-02-13 05:45:13,1,NL,"bruteforce, ssh, web"
206.168.34.112,2026-02-13 05:46:12,2026-02-13 05:46:12,1,NL,"adb-abuse, cve-2020-10987"
195.184.76.224,2026-02-13 05:46:09,2026-02-13 05:46:09,1,US,onyphe
35.203.210.90,2026-02-13 06:00:19,2026-02-13 06:00:19,1,GB,PaloAlto
35.203.211.214,2026-02-13 06:46:01,2026-02-13 06:46:01,1,BG,ssh
147.185.133.227,2026-02-13 07:00:04,2026-02-13 07:00:04,1,FI,PaloAlto
